timestamp,level,module,function,line_number,message,execution_id
2025-09-02 19:29:41,INFO,main,run_etl_pipeline,23,"2025-09-02 19:29:41,022 - root - INFO - Starting COVID-19 ETL Pipeline",1f109ca8
2025-09-02 19:29:41,INFO,main,run_etl_pipeline,24,"2025-09-02 19:29:41,024 - root - INFO - Execution ID: 1f109ca8",1f109ca8
2025-09-02 19:29:41,INFO,main,run_etl_pipeline,25,"2025-09-02 19:29:41,024 - root - INFO - Log file: logs/etl_pipeline_20250902_192941.log",1f109ca8
2025-09-02 19:29:41,INFO,main,run_etl_pipeline,26,"2025-09-02 19:29:41,025 - root - INFO - CSV log: logs/etl_logs.csv",1f109ca8
2025-09-02 19:29:41,INFO,main,run_etl_pipeline,30,"2025-09-02 19:29:41,026 - root - INFO - === EXTRACT PHASE ===",1f109ca8
2025-09-02 19:29:41,INFO,extract,fetch_covid_data,17,"2025-09-02 19:29:41,032 - etl.extract - INFO - Fetching COVID-19 data from API...",1f109ca8
2025-09-02 19:29:43,INFO,extract,fetch_covid_data,22,"2025-09-02 19:29:43,247 - etl.extract - INFO - Successfully fetched data for 231 countries",1f109ca8
2025-09-02 19:29:43,INFO,extract,save_raw_data,41,"2025-09-02 19:29:43,257 - etl.extract - INFO - Raw data saved to logs/raw_covid_data_20250902_192943.json",1f109ca8
2025-09-02 19:29:43,INFO,main,run_etl_pipeline,41,"2025-09-02 19:29:43,264 - root - INFO - === TRANSFORM PHASE ===",1f109ca8
2025-09-02 19:29:43,INFO,transform,clean_covid_data,18,"2025-09-02 19:29:43,268 - etl.transform - INFO - Original data shape: (231, 23)",1f109ca8
2025-09-02 19:29:43,INFO,transform,clean_covid_data,68,"2025-09-02 19:29:43,280 - etl.transform - INFO - Cleaned data shape: (231, 24)",1f109ca8
2025-09-02 19:29:43,INFO,transform,clean_covid_data,69,"2025-09-02 19:29:43,281 - etl.transform - INFO - Countries processed: 231",1f109ca8
2025-09-02 19:29:43,INFO,transform,export_to_csv,118,"2025-09-02 19:29:43,295 - root - INFO - Data exported to CSV: logs/cleaned_covid_data_20250902_192943.csv",1f109ca8
2025-09-02 19:29:43,INFO,main,run_etl_pipeline,46,"2025-09-02 19:29:43,296 - root - INFO - Cleaned data CSV: logs/cleaned_covid_data_20250902_192943.csv",1f109ca8
2025-09-02 19:29:43,INFO,transform,aggregate_by_continent,104,"2025-09-02 19:29:43,304 - etl.transform - INFO - Aggregated data for 7 continents",1f109ca8
2025-09-02 19:29:43,INFO,transform,export_to_csv,118,"2025-09-02 19:29:43,308 - root - INFO - Data exported to CSV: logs/continent_covid_data_20250902_192943.csv",1f109ca8
2025-09-02 19:29:43,INFO,main,run_etl_pipeline,52,"2025-09-02 19:29:43,309 - root - INFO - Continent data CSV: logs/continent_covid_data_20250902_192943.csv",1f109ca8
2025-09-02 19:29:43,INFO,main,run_etl_pipeline,55,"2025-09-02 19:29:43,310 - root - INFO - === LOAD PHASE ===",1f109ca8
2025-09-02 19:29:43,INFO,load,create_tables,53,"2025-09-02 19:29:43,337 - etl.load - INFO - Database tables created/verified",1f109ca8
2025-09-02 19:29:43,INFO,load,load_to_database,75,"2025-09-02 19:29:43,475 - etl.load - INFO - Successfully loaded 231 records to covid_stats",1f109ca8
2025-09-02 19:29:43,INFO,load,load_to_database,75,"2025-09-02 19:29:43,506 - etl.load - INFO - Successfully loaded 7 records to covid_stats_continent",1f109ca8
2025-09-02 19:29:43,INFO,main,run_etl_pipeline,67,"2025-09-02 19:29:43,507 - root - INFO - === EXPORT FINAL OUTPUT ===",1f109ca8
2025-09-02 19:29:43,INFO,load,export_final_output,119,"2025-09-02 19:29:43,522 - etl.load - INFO - Final output exported to: logs/final_covid_output.csv",1f109ca8
2025-09-02 19:29:43,INFO,main,run_etl_pipeline,71,"2025-09-02 19:29:43,523 - root - INFO - === RESULTS ===",1f109ca8
2025-09-02 19:29:43,INFO,load,query_top_countries,95,"2025-09-02 19:29:43,526 - etl.load - INFO - Queried top 5 countries by total_cases",1f109ca8
2025-09-02 19:29:43,INFO,main,run_etl_pipeline,75,"2025-09-02 19:29:43,527 - root - INFO - 
Top 5 countries by total cases:",1f109ca8
2025-09-02 19:29:43,INFO,main,run_etl_pipeline,77,"2025-09-02 19:29:43,528 - root - INFO - USA: 111,820,082 cases, 1,219,487 deaths",1f109ca8
2025-09-02 19:29:43,INFO,main,run_etl_pipeline,77,"2025-09-02 19:29:43,529 - root - INFO - India: 45,035,393 cases, 533,570 deaths",1f109ca8
2025-09-02 19:29:43,INFO,main,run_etl_pipeline,77,"2025-09-02 19:29:43,530 - root - INFO - France: 40,138,560 cases, 167,642 deaths",1f109ca8
2025-09-02 19:29:43,INFO,main,run_etl_pipeline,77,"2025-09-02 19:29:43,531 - root - INFO - Germany: 38,828,995 cases, 183,027 deaths",1f109ca8
2025-09-02 19:29:43,INFO,main,run_etl_pipeline,77,"2025-09-02 19:29:43,532 - root - INFO - Brazil: 38,743,918 cases, 711,380 deaths",1f109ca8
2025-09-02 19:29:43,INFO,main,run_etl_pipeline,82,"2025-09-02 19:29:43,533 - root - INFO - 
Final output details:",1f109ca8
2025-09-02 19:29:43,INFO,main,run_etl_pipeline,83,"2025-09-02 19:29:43,533 - root - INFO - CSV file: logs/final_covid_output.csv",1f109ca8
2025-09-02 19:29:43,INFO,main,run_etl_pipeline,84,"2025-09-02 19:29:43,534 - root - INFO - Total records: 231",1f109ca8
2025-09-02 19:29:43,INFO,main,run_etl_pipeline,85,"2025-09-02 19:29:43,535 - root - INFO - Columns: ['updated', 'country', 'total_cases', 'new_cases', 'total_deaths', 'new_deaths', 'total_recovered', 'todayRecovered', 'active_cases', 'serious_critical', 'casesPerOneMillion', 'deathsPerOneMillion', 'total_tests', 'testsPerOneMillion', 'population', 'continent', 'oneCasePerPeople', 'oneDeathPerPeople', 'oneTestPerPeople', 'activePerOneMillion', 'recoveredPerOneMillion', 'criticalPerOneMillion', 'country_code', 'last_updated']",1f109ca8
2025-09-02 19:29:43,INFO,main,run_etl_pipeline,87,"2025-09-02 19:29:43,536 - root - INFO - ETL Pipeline completed successfully!",1f109ca8
2025-09-02 19:29:43,INFO,main,run_etl_pipeline,92,"2025-09-02 19:29:43,556 - root - INFO - Log summary: {'total_entries': 36, 'error_count': 0, 'warning_count': 0, 'info_count': 36, 'latest_entry': '2025-09-02 19:29:43'}",1f109ca8
